gene	inheritance	severe
AAAS	AR	yes
AARS1	AR	no
AARS2	AR	yes
AASS	AR	no
ABAT	AR	yes
ABCA1	AR	yes
ABCA12	AR	no
ABCA2	AR	no
ABCA3	AR	yes
ABCA4	AR	no
ABCA5	AR	no
ABCB1	AR	yes
ABCB11	AR	yes
ABCB4	AR	yes
ABCB7	XL	no
ABCC2	AR	no
ABCC6	AR	yes
ABCC8	AR	yes
ABCC9	AR	yes
ABCD1	XL	yes
ABCD3	AR	yes
ABCD4	AR	yes
ABCG5	AR	yes
ABCG8	AR	yes
ABHD12	AR	no
ABHD16A	AR	no
ABHD5	AR	no
ACACA	AR	yes
ACAD8	AR	yes
ACAD9	AR	yes
ACADM	AR	yes
ACADS	AR	yes
ACADSB	AR	no
ACADVL	AR	yes
ACAT1	AR	yes
ACBD5	AR	no
ACBD6	AR	no
ACD	AR	yes
ACE	AR	yes
ACER3	AR	no
ACKR3	AR	no
ACO2	AR	no
ACOX2	AR	yes
ACP4	AR	no
ACP5	AR	yes
ACR	AR	no
ACSF3	AR	yes
ACSL4	XL	no
ACTA1	AR	no
ACTL6B	AR	no
ACTL7A	AR	no
ACTL9	AR	no
ACTN3	AR	no
ACY1	AR	no
ADA	AR	yes
ADA2	AR	yes
ADAM17	AR	yes
ADAM22	AR	no
ADAM9	AR	no
ADAMTS10	AR	yes
ADAMTS13	AR	yes
ADAMTS15	AR	no
ADAMTS17	AR	yes
ADAMTS18	AR	no
ADAMTS19	AR	yes
ADAMTS2	AR	yes
ADAMTS3	AR	yes
ADAMTSL2	AR	yes
ADAMTSL4	AR	yes
ADAR	AR	no
ADARB1	AR	no
ADAT3	AR	no
ADCY1	AR	yes
ADCY3	AR	no
ADCY5	AR	yes
ADCY6	AR	no
ADD3	AR	no
ADGRG1	AR	no
ADGRG2	XL	no
ADGRG6	AR	no
ADGRV1	AR	yes
ADPRS	AR	no
ADSL	AR	no
ADSS1	AR	no
AEBP1	AR	yes
AFF2	XL	yes
AFG3L2	AR	no
AFP	AR	no
AGA	AR	no
AGBL5	AR	no
AGK	AR	yes
AGL	AR	yes
AGMX2	XL	yes
AGPAT2	AR	yes
AGPS	AR	no
AGRN	AR	yes
AGRP	AR	yes
AGT	AR	no
AGTPBP1	AR	no
AGTR1	AR	no
AGTR2	XL	no
AGXT	AR	yes
AGXT2	AR	no
AHCY	AR	yes
AHI1	AR	no
AHR	AR	no
AHSG	AR	no
AICDA	AR	yes
AIFM1	XL	yes
AIMP1	AR	no
AIMP2	AR	no
AIPL1	AR	no
AIRE	AR	yes
AK1	AR	yes
AK2	AR	yes
AK7	AR	no
AK9	AR	no
AKAP3	AR	no
AKR1C2	AR	yes
AKR1D1	AR	yes
ALAD	AR	yes
ALAS2	XL	yes
ALB	AR	yes
ALDH18A1	AR	no
ALDH1A2	AR	yes
ALDH1A3	AR	no
ALDH3A2	AR	no
ALDH4A1	AR	no
ALDH5A1	AR	no
ALDH6A1	AR	yes
ALDH7A1	AR	yes
ALDOA	AR	yes
ALDOB	AR	yes
ALG1	AR	yes
ALG11	AR	yes
ALG12	AR	yes
ALG13	XL	no
ALG14	AR	yes
ALG2	AR	yes
ALG3	AR	yes
ALG6	AR	yes
ALG8	AR	yes
ALG9	AR	yes
ALKBH8	AR	no
ALMS1	AR	yes
ALOX12B	AR	no
ALOXE3	AR	no
ALPK3	AR	yes
ALPL	AR	yes
ALS2	AR	no
ALX1	AR	no
ALX3	AR	no
ALX4	AR	no
AMACR	AR	yes
AMBN	AR	no
AMCN	AR	no
AMELX	XL	no
AMER1	XL	no
AMFR	AR	no
AMH	AR	yes
AMHR2	AR	yes
AMMECR1	XL	yes
AMN	AR	yes
AMPD1	AR	no
AMPD2	AR	no
AMPD3	AR	no
AMT	AR	yes
ANAPC1	AR	yes
ANAPC7	AR	yes
ANGPTL3	AR	no
ANK1	AR	yes
ANK3	AR	no
ANKLE2	AR	no
ANKS6	AR	yes
ANO1	AR	yes
ANO10	AR	no
ANO6	AR	yes
ANOS1	XL	yes
ANTXR1	AR	no
ANTXR2	AR	yes
AOPEP	AR	no
AP1B1	AR	no
AP1G1	AR	no
AP1S1	AR	yes
AP1S2	XL	no
AP3B1	AR	yes
AP3B2	AR	no
AP3D1	AR	yes
AP4B1	AR	no
AP4E1	AR	no
AP4M1	AR	no
AP4S1	AR	no
AP5Z1	AR	no
APC2	AR	no
APOA1	AR	yes
APOA2	AR	no
APOA5	AR	yes
APOB	AR	yes
APOC2	AR	yes
APOE	AR	yes
APRT	AR	yes
APTX	AR	no
AQP2	AR	yes
AQP4	AR	no
AR	XL	yes
ARFGEF2	AR	no
ARG1	AR	yes
ARHGAP36	XL	yes
ARHGDIA	AR	no
ARHGEF1	AR	yes
ARHGEF18	AR	no
ARHGEF2	AR	no
ARHGEF6	XL	no
ARHGEF9	XL	no
ARL13B	AR	no
ARL2BP	AR	no
ARL3	AR	no
ARL6	AR	yes
ARL6IP1	AR	no
ARMC12	AR	no
ARMC2	AR	no
ARMC9	AR	yes
ARNT2	AR	yes
ARPC1B	AR	yes
ARPC5	AR	yes
ARR3	XL	no
ARSA	AR	yes
ARSB	AR	yes
ARSG	AR	no
ARSK	AR	yes
ARSL	XL	no
ARV1	AR	no
ARX	XL	no
ASAH1	AR	no
ASCC3	AR	no
ASL	AR	yes
ASNS	AR	yes
ASPA	AR	no
ASPH	AR	yes
ASPM	AR	no
ASS1	AR	yes
ASTL	AR	no
ATAD1	AR	yes
ATAD3A	AR	no
ATCAY	AR	no
ATF6	AR	no
ATG7	AR	no
ATIC	AR	no
ATM	AR	yes
ATOH7	AR	no
ATP11C	XL	no
ATP13A2	AR	yes
ATP13A3	AR	yes
ATP2A1	AR	yes
ATP2B3	XL	no
ATP5F1A	AR	no
ATP5F1E	AR	yes
ATP5MK	AR	no
ATP5PO	AR	yes
ATP6AP1	XL	yes
ATP6AP2	XL	yes
ATP6V0A1	AR	no
ATP6V0A2	AR	no
ATP6V0A4	AR	yes
ATP6V1A	AR	yes
ATP6V1B1	AR	yes
ATP6V1E1	AR	yes
ATP7A	XL	yes
ATP7B	AR	yes
ATP8A2	AR	no
ATP8B1	AR	yes
ATP9A	AR	no
ATPAF2	AR	no
ATR	AR	yes
ATRX	XL	no
AUH	AR	no
AURKC	AR	no
AVIL	AR	no
AVP	AR	yes
AVPR2	XL	yes
AXIN1	AR	yes
B2M	AR	yes
B3GALNT2	AR	no
B3GALT6	AR	no
B3GAT3	AR	yes
B3GLCT	AR	yes
B4GALNT1	AR	no
B4GALT1	AR	yes
B4GALT7	AR	no
B4GAT1	AR	no
B9D1	AR	no
B9D2	AR	no
BAAT	AR	yes
BAG5	AR	yes
BANF1	AR	no
BBIP1	AR	yes
BBS1	AR	yes
BBS10	AR	yes
BBS12	AR	yes
BBS2	AR	yes
BBS4	AR	yes
BBS5	AR	yes
BBS7	AR	yes
BBS9	AR	yes
BCAP31	XL	no
BCAS3	AR	no
BCAT2	AR	yes
BCHE	AR	yes
BCKDHA	AR	yes
BCKDHB	AR	yes
BCKDK	AR	yes
BCL10	AR	yes
BCOR	XL	yes
BCORL1	XL	no
BCS1L	AR	yes
BDP1	AR	no
BET1	AR	no
BFSP1	AR	no
BFSP2	AR	no
BGN	XL	yes
BHLHA9	AR	no
BIN1	AR	no
BLM	AR	yes
BLNK	AR	yes
BLOC1S3	AR	yes
BLOC1S5	AR	yes
BLOC1S6	AR	yes
BLVRA	AR	no
BMP1	AR	no
BMP15	XL	yes
BMP6	AR	no
BMPER	AR	no
BMPR1B	AR	no
BOLA3	AR	no
BORCS8	AR	no
BPGM	AR	yes
BPNT2	AR	no
BRAT1	AR	no
BRCA1	AR	yes
BRCA2	AR	yes
BRDT	AR	no
BRF1	AR	no
BRIP1	AR	yes
BRWD1	AR	yes
BRWD3	XL	no
BSCL2	AR	yes
BSND	AR	yes
BTD	AR	yes
BTG4	AR	no
BTK	XL	yes
BUB1	AR	yes
BUB1B	AR	yes
BVES	AR	yes
C11ORF80	AR	yes
C12ORF4	AR	no
C12ORF57	AR	no
C12ORF65	AR	no
C14ORF39	AR	no
C18ORF32	AR	no
C19ORF12	AR	no
C1GALT1C1	XL	yes
C1QA	AR	yes
C1QB	AR	yes
C1QBP	AR	yes
C1QC	AR	yes
C1S	AR	yes
C2	AR	yes
C2CD3	AR	no
C2CD6	AR	no
C2ORF69	AR	no
C3	AR	yes
C3ORF52	AR	no
C4B	AR	no
C5	AR	yes
C6	AR	yes
C7	AR	yes
C8A	AR	yes
C8B	AR	yes
C8ORF37	AR	yes
C9	AR	yes
CA12	AR	yes
CA2	AR	yes
CA5A	AR	yes
CA8	AR	no
CABP2	AR	yes
CABP4	AR	no
CACNA1D	AR	yes
CACNA1F	XL	no
CACNA2D2	AR	no
CACNA2D4	AR	no
CAD	AR	yes
CALCRL	AR	no
CAMK2A	AR	no
CAMK2G	AR	no
CAMLG	AR	no
CAMSAP1	AR	no
CANT1	AR	yes
CAP2	AR	yes
CAPN1	AR	no
CAPN15	AR	yes
CAPN3	AR	no
CAPNS1	AR	yes
CARD10	AR	yes
CARD11	AR	yes
CARD9	AR	yes
CARMIL2	AR	yes
CARS1	AR	no
CARS2	AR	no
CASK	XL	yes
CASP14	AR	no
CASP2	AR	no
CASP8	AR	yes
CASQ2	AR	yes
CASR	AR	yes
CAST	AR	no
CAT	AR	yes
CATIP	AR	no
CATSPER1	AR	no
CAV1	AR	yes
CAVIN1	AR	no
CBLB	AR	yes
CBLIF	AR	yes
CBS	AR	yes
CBX2	AR	no
CC2D1A	AR	no
CC2D2A	AR	yes
CCBE1	AR	yes
CCDC103	AR	yes
CCDC115	AR	yes
CCDC134	AR	no
CCDC146	AR	no
CCDC174	AR	yes
CCDC22	XL	yes
CCDC32	AR	yes
CCDC34	AR	no
CCDC39	AR	yes
CCDC40	AR	yes
CCDC47	AR	yes
CCDC62	AR	no
CCDC65	AR	yes
CCDC8	AR	no
CCDC88A	AR	no
CCDC88C	AR	no
CCIN	AR	no
CCN2	AR	no
CCN6	AR	no
CCNO	AR	yes
CCNQ	XL	no
CCR2	AR	yes
CCT5	AR	no
CD19	AR	yes
CD247	AR	yes
CD27	AR	yes
CD28	AR	yes
CD2AP	AR	yes
CD320	AR	yes
CD36	AR	yes
CD3D	AR	yes
CD3E	AR	yes
CD3G	AR	yes
CD4	AR	yes
CD40	AR	yes
CD40LG	XL	yes
CD46	AR	yes
CD55	AR	yes
CD59	AR	yes
CD70	AR	yes
CD79A	AR	yes
CD79B	AR	yes
CD81	AR	yes
CD8A	AR	yes
CDAN1	AR	yes
CDC14A	AR	yes
CDC20	AR	no
CDC45	AR	no
CDC6	AR	no
CDCA7	AR	yes
CDH11	AR	no
CDH23	AR	yes
CDH3	AR	no
CDHR1	AR	no
CDIN1	AR	yes
CDK10	AR	no
CDK5	AR	no
CDK5RAP2	AR	yes
CDK6	AR	no
CDKL5	XL	no
CDSN	AR	no
CDT1	AR	no
CEACAM16	AR	no
CEBPE	AR	yes
CENPE	AR	no
CENPF	AR	no
CENPJ	AR	no
CENPT	AR	no
CEP104	AR	no
CEP112	AR	no
CEP120	AR	no
CEP135	AR	no
CEP152	AR	no
CEP164	AR	no
CEP19	AR	no
CEP250	AR	yes
CEP290	AR	yes
CEP295	AR	yes
CEP41	AR	no
CEP55	AR	no
CEP57	AR	yes
CEP63	AR	no
CEP78	AR	yes
CEP83	AR	no
CERKL	AR	no
CERS1	AR	no
CERS3	AR	no
CES1	AR	no
CETP	AR	no
CFAP251	AR	no
CFAP298	AR	yes
CFAP300	AR	yes
CFAP410	AR	no
CFAP43	AR	no
CFAP44	AR	no
CFAP45	AR	yes
CFAP47	XL	no
CFAP52	AR	yes
CFAP53	AR	yes
CFAP58	AR	no
CFAP61	AR	no
CFAP65	AR	no
CFAP69	AR	no
CFAP70	AR	no
CFAP74	AR	yes
CFAP91	AR	no
CFB	AR	yes
CFD	AR	yes
CFH	AR	yes
CFHR1	AR	yes
CFHR3	AR	yes
CFHR4	AR	yes
CFI	AR	yes
CFL2	AR	no
CFP	XL	yes
CFTR	AR	yes
CHAT	AR	yes
CHEK2	AR	no
CHIT1	AR	no
CHKA	AR	no
CHKB	AR	yes
CHM	XL	no
CHMP1A	AR	no
CHP1	AR	no
CHRDL1	XL	yes
CHRM3	AR	no
CHRNA1	AR	yes
CHRNA3	AR	yes
CHRNB1	AR	yes
CHRND	AR	yes
CHRNE	AR	yes
CHRNG	AR	no
CHST11	AR	no
CHST14	AR	yes
CHST3	AR	no
CHST6	AR	no
CHSY1	AR	yes
CHUK	AR	no
CIAO1	AR	no
CIB1	AR	yes
CIB2	AR	yes
CIBAR1	AR	no
CIDEC	AR	yes
CIITA	AR	yes
CILK1	AR	no
CIROP	AR	yes
CIROZ	AR	yes
CISD2	AR	yes
CIT	AR	no
CKAP2L	AR	no
CLAM	AR	no
CLCC1	AR	no
CLCF1	AR	yes
CLCN1	AR	yes
CLCN3	AR	no
CLCN4	XL	no
CLCN5	XL	yes
CLCN7	AR	yes
CLCNKA	AR	yes
CLCNKB	AR	yes
CLDN1	AR	no
CLDN10	AR	yes
CLDN11	AR	no
CLDN14	AR	yes
CLDN16	AR	yes
CLDN19	AR	yes
CLDN2	XL	no
CLDN9	AR	no
CLEC7A	AR	yes
CLIC2	XL	no
CLIC5	AR	yes
CLMP	AR	yes
CLN3	AR	yes
CLN5	AR	no
CLN6	AR	no
CLN8	AR	no
CLP1	AR	no
CLPB	AR	yes
CLPP	AR	yes
CLRN1	AR	no
CLRN2	AR	yes
CLXN	AR	yes
CMPK2	AR	no
CNGA1	AR	no
CNGA3	AR	no
CNGB1	AR	no
CNGB3	AR	no
CNKSR2	XL	no
CNNM2	AR	yes
CNNM4	AR	no
CNP	AR	no
CNPY3	AR	no
CNTN1	AR	no
CNTN2	AR	no
CNTNAP1	AR	no
CNTNAP2	AR	no
COA3	AR	no
COA5	AR	no
COA6	AR	no
COA7	AR	no
COA8	AR	no
COASY	AR	no
COCH	AR	yes
COG1	AR	yes
COG2	AR	yes
COG3	AR	no
COG4	AR	yes
COG5	AR	yes
COG6	AR	yes
COG7	AR	yes
COG8	AR	yes
COL11A1	AR	yes
COL11A2	AR	yes
COL12A1	AR	no
COL13A1	AR	yes
COL17A1	AR	no
COL18A1	AR	yes
COL1A2	AR	yes
COL25A1	AR	no
COL27A1	AR	yes
COL3A1	AR	yes
COL4A3	AR	yes
COL4A4	AR	yes
COL4A5	XL	yes
COL4A6	XL	yes
COL6A1	AR	no
COL6A2	AR	no
COL6A3	AR	no
COL7A1	AR	yes
COL9A1	AR	yes
COL9A2	AR	yes
COL9A3	AR	yes
COLEC10	AR	no
COLEC11	AR	yes
COLGALT1	AR	no
COLQ	AR	yes
COPB2	AR	no
COPG1	AR	yes
COQ2	AR	yes
COQ4	AR	yes
COQ5	AR	yes
COQ6	AR	yes
COQ7	AR	yes
COQ8A	AR	yes
COQ8B	AR	yes
COQ9	AR	yes
CORIN	AR	yes
CORO1A	AR	yes
COX10	AR	no
COX11	AR	no
COX14	AR	no
COX15	AR	no
COX16	AR	no
COX20	AR	no
COX4I1	AR	yes
COX4I2	AR	yes
COX5A	AR	yes
COX6A1	AR	no
COX6A2	AR	no
COX6B1	AR	no
COX7B	XL	no
COX8A	AR	no
CP	AR	yes
CPA6	AR	no
CPAMD8	AR	no
CPE	AR	yes
CPLANE1	AR	no
CPLX1	AR	no
CPN1	AR	yes
CPOX	AR	yes
CPS1	AR	yes
CPSF3	AR	no
CPT1A	AR	yes
CPT2	AR	yes
CR2	AR	yes
CRADD	AR	no
CRAT	AR	no
CRB1	AR	no
CRB2	AR	yes
CRBN	AR	no
CREB3L1	AR	no
CRELD1	AR	yes
CRIPT	AR	no
CRLF1	AR	yes
CRLS1	AR	no
CRPPA	AR	no
CRTAP	AR	no
CRX	AR	no
CRYAA	AR	no
CRYBB1	AR	no
CRYBB3	AR	no
CSF1R	AR	no
CSF2RA	XL	yes
CSF2RB	AR	yes
CSF3R	AR	yes
CSGALNACT1	AR	no
CSPP1	AR	no
CST6	AR	no
CSTA	AR	no
CSTB	AR	no
CSTF2	XL	no
CT55	XL	no
CTC1	AR	no
CTDP1	AR	yes
CTH	AR	no
CTNNA2	AR	no
CTNNBL1	AR	yes
CTNS	AR	yes
CTPS1	AR	yes
CTSA	AR	yes
CTSC	AR	yes
CTSD	AR	no
CTSF	AR	no
CTSK	AR	no
CTU2	AR	no
CUBN	AR	yes
CUL4B	XL	no
CUL7	AR	no
CWC27	AR	no
CWF19L1	AR	no
CYB561	AR	yes
CYB5A	AR	yes
CYB5R3	AR	yes
CYBA	AR	yes
CYBB	XL	yes
CYBC1	AR	yes
CYC1	AR	yes
CYLC1	XL	no
CYP11A1	AR	yes
CYP11B1	AR	yes
CYP11B2	AR	yes
CYP17A1	AR	yes
CYP19A1	AR	yes
CYP1B1	AR	yes
CYP21A2	AR	yes
CYP24A1	AR	yes
CYP26B1	AR	no
CYP26C1	AR	no
CYP27A1	AR	yes
CYP27B1	AR	yes
CYP2C8	AR	yes
CYP2R1	AR	yes
CYP2U1	AR	no
CYP4F22	AR	no
CYP4V2	AR	no
CYP7B1	AR	yes
D2HGDH	AR	no
DAAM2	AR	no
DAG1	AR	no
DALRD3	AR	no
DAND5	AR	yes
DAP3	AR	yes
DARS1	AR	no
DARS2	AR	no
DAW1	AR	yes
DBH	AR	yes
DBR1	AR	yes
DBT	AR	yes
DCAF17	AR	yes
DCC	AR	no
DCDC2	AR	yes
DCHS1	AR	yes
DCLRE1B	AR	yes
DCLRE1C	AR	yes
DCPS	AR	no
DCT	AR	no
DCX	XL	no
DCXR	AR	no
DDB2	AR	yes
DDC	AR	yes
DDHD1	AR	no
DDHD2	AR	no
DDOST	AR	yes
DDRGK1	AR	yes
DDX11	AR	yes
DDX3X	XL	no
DDX59	AR	yes
DEAF1	AR	no
DECR1	AR	no
DEF6	AR	yes
DEGS1	AR	no
DENND5A	AR	no
DEPDC5	AR	yes
DES	AR	yes
DGAT1	AR	yes
DGKE	AR	yes
DGUOK	AR	yes
DHCR24	AR	no
DHCR7	AR	yes
DHDDS	AR	no
DHFR	AR	yes
DHH	AR	yes
DHODH	AR	no
DHPS	AR	no
DHRSX	AR	no
DHTKD1	AR	no
DHX37	AR	yes
DHX38	AR	no
DIAPH2	XL	yes
DIS3L2	AR	yes
DKC1	XL	yes
DLAT	AR	yes
DLD	AR	yes
DLG3	XL	no
DLG5	AR	yes
DLL3	AR	no
DLX5	AR	yes
DMD	XL	yes
DMGDH	AR	no
DMP1	AR	yes
DMPK	AR	yes
DMXL2	AR	yes
DNA2	AR	no
DNAAF1	AR	yes
DNAAF11	AR	yes
DNAAF2	AR	yes
DNAAF3	AR	yes
DNAAF4	AR	yes
DNAAF5	AR	yes
DNAAF6	XL	yes
DNAH1	AR	yes
DNAH10	AR	no
DNAH11	AR	yes
DNAH17	AR	no
DNAH2	AR	no
DNAH5	AR	yes
DNAH7	AR	yes
DNAH8	AR	no
DNAH9	AR	yes
DNAI1	AR	yes
DNAI2	AR	yes
DNAJB13	AR	yes
DNAJB2	AR	no
DNAJB4	AR	no
DNAJC12	AR	yes
DNAJC19	AR	yes
DNAJC21	AR	yes
DNAJC3	AR	no
DNAJC30	AR	no
DNAJC6	AR	no
DNAL1	AR	yes
DNAL4	AR	no
DNALI1	AR	no
DNASE1L3	AR	no
DNASE2	AR	yes
DNHD1	AR	no
DNM1	AR	no
DNM1L	AR	no
DNM2	AR	no
DNMBP	AR	no
DNMT3B	AR	yes
DOCK11	XL	yes
DOCK2	AR	yes
DOCK3	AR	no
DOCK6	AR	yes
DOCK7	AR	no
DOCK8	AR	yes
DOHH	AR	yes
DOK7	AR	yes
DOLK	AR	yes
DONSON	AR	no
DPAGT1	AR	yes
DPH1	AR	yes
DPH2	AR	yes
DPH5	AR	no
DPM1	AR	yes
DPM2	AR	yes
DPM3	AR	yes
DPP9	AR	yes
DPY19L2	AR	no
DPYD	AR	yes
DPYS	AR	yes
DRAM2	AR	no
DRC1	AR	yes
DRG1	AR	no
DSC2	AR	yes
DSC3	AR	no
DSE	AR	yes
DSG1	AR	yes
DSG3	AR	no
DSG4	AR	no
DSP	AR	yes
DST	AR	no
DTNBP1	AR	yes
DTYMK	AR	no
DUOX2	AR	yes
DUOXA2	AR	yes
DUT	AR	yes
DYM	AR	yes
DYNC2H1	AR	no
DYNC2I1	AR	no
DYNC2I2	AR	no
DYNC2LI1	AR	no
DYNLT2B	AR	no
DYSF	AR	yes
DZIP1L	AR	yes
EARS2	AR	no
EBP	XL	no
ECEL1	AR	no
ECHS1	AR	no
ECM1	AR	no
EDA	XL	no
EDAR	AR	no
EDARADD	AR	no
EDC3	AR	no
EDEM3	AR	no
EDN1	AR	no
EDN3	AR	yes
EDNRB	AR	yes
EFEMP1	AR	yes
EFEMP2	AR	yes
EFL1	AR	yes
EFNB1	XL	no
EGF	AR	yes
EGFR	AR	yes
EGR2	AR	no
EIF2AK2	AR	no
EIF2AK3	AR	yes
EIF2AK4	AR	yes
EIF2B1	AR	yes
EIF2B2	AR	yes
EIF2B3	AR	yes
EIF2B4	AR	yes
EIF2B5	AR	yes
EIF2S3	XL	yes
EIF3F	AR	no
EIF4A2	AR	no
EIF4A3	AR	no
ELAC2	AR	yes
ELF4	XL	yes
ELMO2	AR	yes
ELMOD3	AR	yes
ELOVL4	AR	no
ELP1	AR	no
ELP2	AR	no
EMC1	AR	no
EMC10	AR	no
EMD	XL	yes
EMG1	AR	no
EMILIN1	AR	yes
EML1	AR	no
EMP2	AR	no
EN1	AR	yes
ENAM	AR	no
ENO3	AR	no
ENPP1	AR	yes
ENTPD1	AR	no
EOGT	AR	yes
EPB41	AR	yes
EPB42	AR	yes
EPCAM	AR	yes
EPG5	AR	yes
EPHB2	AR	yes
EPHX1	AR	yes
EPM2A	AR	no
EPO	AR	yes
EPRS1	AR	no
EPS8	AR	yes
EPS8L2	AR	yes
EPX	AR	no
ERAL1	AR	yes
ERBB2	AR	yes
ERBB3	AR	yes
ERCC1	AR	no
ERCC2	AR	yes
ERCC3	AR	yes
ERCC4	AR	yes
ERCC5	AR	yes
ERCC6	AR	yes
ERCC6L2	AR	yes
ERCC8	AR	yes
ERGIC1	AR	no
ERI1	AR	yes
ERLIN1	AR	no
ERLIN2	AR	no
ESAM	AR	no
ESCO2	AR	yes
ESPN	AR	yes
ESR1	AR	no
ESR2	AR	yes
ESRP1	AR	yes
ESRRB	AR	yes
ETFA	AR	yes
ETFB	AR	yes
ETFDH	AR	yes
ETHE1	AR	yes
EVC	AR	yes
EVC2	AR	yes
EXOC2	AR	no
EXOC3L2	AR	no
EXOC6B	AR	no
EXOSC1	AR	no
EXOSC2	AR	yes
EXOSC3	AR	no
EXOSC5	AR	yes
EXOSC8	AR	no
EXOSC9	AR	no
EXPH5	AR	no
EXTL3	AR	yes
EYS	AR	no
F10	AR	yes
F11	AR	yes
F12	AR	yes
F13A1	AR	yes
F13B	AR	yes
F2	AR	yes
F5	AR	yes
F7	AR	yes
F8	XL	yes
F9	XL	yes
FA2H	AR	no
FADD	AR	yes
FAH	AR	yes
FAM126A	AR	no
FAM149B1	AR	no
FAM161A	AR	no
FAM20A	AR	no
FAM20C	AR	yes
FAM50A	XL	no
FAN1	AR	no
FANCA	AR	yes
FANCB	XL	yes
FANCC	AR	yes
FANCD2	AR	yes
FANCE	AR	yes
FANCF	AR	yes
FANCG	AR	yes
FANCI	AR	yes
FANCL	AR	yes
FANCM	AR	yes
FAR1	AR	no
FARS2	AR	no
FARSA	AR	yes
FARSB	AR	yes
FAS	AR	yes
FASTKD2	AR	no
FAT4	AR	yes
FBLN5	AR	no
FBP1	AR	yes
FBXL3	AR	no
FBXL4	AR	no
FBXO31	AR	no
FBXO43	AR	no
FBXO7	AR	yes
FCGR3A	AR	yes
FCHO1	AR	yes
FCN3	AR	yes
FCSK	AR	no
FDFT1	AR	no
FDX2	AR	yes
FDXR	AR	no
FECH	AR	yes
FERMT1	AR	no
FERMT3	AR	yes
FEZF1	AR	yes
FGA	AR	yes
FGB	AR	yes
FGD1	XL	no
FGD4	AR	no
FGF13	XL	no
FGF16	XL	no
FGF20	AR	no
FGF23	AR	yes
FGF3	AR	yes
FGF5	AR	no
FGFR3	AR	yes
FGG	AR	yes
FHL1	XL	yes
FIBP	AR	yes
FICD	AR	no
FIG4	AR	no
FILIP1	AR	no
FITM2	AR	yes
FKBP10	AR	no
FKBP14	AR	yes
FKBP6	AR	no
FKRP	AR	yes
FKTN	AR	yes
FLAD1	AR	yes
FLG	AR	no
FLG2	AR	no
FLI1	AR	yes
FLII	AR	yes
FLNA	XL	yes
FLNB	AR	yes
FLT3LG	AR	yes
FLT4	AR	yes
FLVCR1	AR	no
FLVCR2	AR	no
FMN2	AR	no
FMO3	AR	yes
FMR1	XL	yes
FNIP1	AR	yes
FOCAD	AR	yes
FOLR1	AR	yes
FOXE1	AR	yes
FOXE3	AR	yes
FOXI1	AR	yes
FOXI3	AR	yes
FOXN1	AR	yes
FOXP3	XL	yes
FOXRED1	AR	no
FRA10AC1	AR	no
FRAS1	AR	no
FREM1	AR	no
FREM2	AR	no
FRMD4A	AR	no
FRMD7	XL	no
FRMPD4	XL	no
FRRS1L	AR	no
FSHB	AR	yes
FSHMD1A	AR	yes
FSHR	AR	yes
FSIP2	AR	no
FTCD	AR	no
FTL	AR	no
FTO	AR	yes
FTSJ1	XL	no
FUCA1	AR	no
FUS	AR	no
FUT6	AR	no
FUT8	AR	no
FXN	AR	yes
FXR1	AR	no
FYB1	AR	yes
FYCO1	AR	no
FZD6	AR	no
G6PC1	AR	yes
G6PC3	AR	yes
G6PD	XL	yes
GAA	AR	yes
GAB1	AR	yes
GAD1	AR	no
GALC	AR	yes
GALE	AR	yes
GALK1	AR	yes
GALM	AR	yes
GALNS	AR	yes
GALNT2	AR	no
GALNT3	AR	yes
GALT	AR	yes
GAMT	AR	yes
GAN	AR	no
GAS2	AR	yes
GAS8	AR	yes
GATA1	XL	yes
GATAD1	AR	no
GATB	AR	no
GATC	AR	no
GATM	AR	yes
GBA	AR	yes
GBA2	AR	no
GBE1	AR	yes
GCDH	AR	yes
GCGR	AR	yes
GCH1	AR	yes
GCK	AR	yes
GCLC	AR	yes
GCM2	AR	yes
GCNA	XL	no
GCNT2	AR	yes
GCSH	AR	yes
GDAP1	AR	no
GDAP2	AR	no
GDF1	AR	yes
GDF5	AR	no
GDF6	AR	yes
GDF9	AR	yes
GDI1	XL	no
GEMIN4	AR	yes
GEMIN5	AR	no
GET3	AR	no
GET4	AR	no
GFER	AR	no
GFM1	AR	no
GFM2	AR	no
GFPT1	AR	yes
GFRA1	AR	no
GGCX	AR	yes
GGN	AR	no
GGPS1	AR	yes
GGT1	AR	no
GH1	AR	yes
GHR	AR	yes
GHRHR	AR	yes
GHSR	AR	no
GIMAP5	AR	yes
GINS1	AR	yes
GIPC3	AR	yes
GJA1	AR	yes
GJA8	AR	no
GJB1	XL	no
GJB2	AR	yes
GJB6	AR	yes
GJC2	AR	no
GK	XL	yes
GLA	XL	yes
GLB1	AR	no
GLDC	AR	yes
GLDN	AR	no
GLE1	AR	no
GLI1	AR	no
GLIS2	AR	no
GLIS3	AR	yes
GLRA1	AR	yes
GLRA2	XL	no
GLRB	AR	yes
GLRX5	AR	yes
GLS	AR	no
GLUL	AR	yes
GLYCTK	AR	no
GM2A	AR	no
GMPPA	AR	no
GMPPB	AR	yes
GNAT1	AR	no
GNAT2	AR	no
GNB3	AR	no
GNB5	AR	yes
GNE	AR	yes
GNMT	AR	no
GNPAT	AR	no
GNPNAT1	AR	no
GNPTAB	AR	no
GNPTG	AR	no
GNRH1	AR	yes
GNRHR	AR	yes
GNS	AR	no
GOLGA2	AR	no
GON7	AR	no
GORAB	AR	no
GOSR2	AR	no
GOT2	AR	yes
GP1BA	AR	yes
GP1BB	AR	yes
GP6	AR	yes
GP9	AR	yes
GPAA1	AR	no
GPC3	XL	yes
GPC4	XL	yes
GPC6	AR	yes
GPD1	AR	yes
GPHN	AR	no
GPIHBP1	AR	yes
GPNMB	AR	no
GPR101	XL	yes
GPR143	XL	no
GPR156	AR	yes
GPR179	AR	no
GPR68	AR	no
GPR88	AR	no
GPRASP2	XL	yes
GPSM2	AR	yes
GPT2	AR	no
GPX4	AR	yes
GRAP	AR	yes
GRHL2	AR	yes
GRHPR	AR	yes
GRIA1	AR	no
GRIA3	XL	no
GRID2	AR	no
GRIK2	AR	no
GRIN1	AR	no
GRIP1	AR	no
GRK1	AR	no
GRM1	AR	no
GRM6	AR	no
GRM7	AR	yes
GRN	AR	no
GRXCR1	AR	yes
GRXCR2	AR	yes
GSC	AR	yes
GSR	AR	yes
GSS	AR	yes
GSTZ1	AR	no
GTF2E2	AR	no
GTF2H5	AR	no
GTPBP1	AR	no
GTPBP2	AR	no
GTPBP3	AR	yes
GUCY1A1	AR	yes
GUCY2C	AR	yes
GUCY2D	AR	no
GUF1	AR	no
GUK1	AR	yes
GUSB	AR	yes
GYG1	AR	yes
GYS1	AR	yes
GYS2	AR	yes
GZF1	AR	no
H6PD	AR	no
HAAO	AR	yes
HACD1	AR	no
HACE1	AR	no
HADH	AR	yes
HADHA	AR	yes
HADHB	AR	yes
HAL	AR	no
HAMP	AR	yes
HARS1	AR	yes
HARS2	AR	yes
HAVCR2	AR	yes
HAX1	AR	yes
HBA1	AR	yes
HBA2	AR	yes
HBB	AR	yes
HCCS	XL	yes
HCFC1	XL	yes
HDAC6	XL	no
HDAC8	XL	no
HEATR3	AR	yes
HECTD4	AR	no
HELLS	AR	yes
HEPACAM	AR	no
HEPHL1	AR	no
HERC1	AR	no
HERC2	AR	no
HES7	AR	no
HESX1	AR	yes
HEXA	AR	no
HEXB	AR	no
HFE	AR	yes
HFM1	AR	yes
HGD	AR	yes
HGF	AR	yes
HGSNAT	AR	no
HHAT	AR	no
HIBCH	AR	yes
HID1	AR	yes
HIKESHI	AR	no
HINT1	AR	no
HJV	AR	yes
HK1	AR	yes
HKDC1	AR	no
HLCS	AR	yes
HMGB3	XL	no
HMGCL	AR	yes
HMGCR	AR	yes
HMGCS2	AR	yes
HMOX1	AR	no
HNMT	AR	no
HNRNPH2	XL	no
HNRNPU	AR	no
HOGA1	AR	yes
HOXA1	AR	yes
HOXA2	AR	yes
HOXB1	AR	yes
HOXC13	AR	no
HOXD13	AR	no
HP	AR	yes
HPCA	AR	no
HPD	AR	yes
HPDL	AR	no
HPGD	AR	yes
HPRT1	XL	yes
HPS1	AR	yes
HPS3	AR	yes
HPS4	AR	yes
HPS5	AR	yes
HPS6	AR	yes
HPSE2	AR	yes
HR	AR	no
HS2ST1	AR	no
HS6ST1	AR	yes
HS6ST2	XL	no
HSCB	AR	yes
HSD11B1	AR	no
HSD11B2	AR	yes
HSD17B10	XL	no
HSD17B3	AR	yes
HSD17B4	AR	yes
HSD3B2	AR	yes
HSD3B7	AR	yes
HSF2BP	AR	yes
HSPD1	AR	no
HSPG2	AR	yes
HTRA1	AR	no
HTRA2	AR	no
HTT	AR	no
HUWE1	XL	no
HYAL1	AR	no
HYAL2	AR	yes
HYDIN	AR	yes
HYLS1	AR	no
HYOU1	AR	yes
IARS1	AR	yes
IARS2	AR	yes
IBA57	AR	no
ICOS	AR	yes
IDH3A	AR	no
IDH3B	AR	no
IDS	XL	yes
IDUA	AR	yes
IER3IP1	AR	yes
IFIH1	AR	yes
IFNAR1	AR	yes
IFNAR2	AR	yes
IFNG	AR	yes
IFNGR1	AR	yes
IFNGR2	AR	yes
IFT122	AR	no
IFT140	AR	no
IFT172	AR	yes
IFT27	AR	yes
IFT43	AR	no
IFT52	AR	no
IFT57	AR	no
IFT74	AR	yes
IFT80	AR	no
IFT81	AR	no
IFT88	AR	no
IGBP1	XL	no
IGF1	AR	yes
IGF1R	AR	yes
IGFALS	AR	yes
IGFBP7	AR	yes
IGHM	AR	yes
IGHMBP2	AR	no
IGKC	AR	no
IGLL1	AR	yes
IGSF1	XL	yes
IGSF3	AR	yes
IHH	AR	no
IKBKB	AR	yes
IKBKG	XL	yes
IL10RA	AR	no
IL10RB	AR	no
IL11RA	AR	no
IL12B	AR	yes
IL12RB1	AR	yes
IL17RA	AR	yes
IL17RC	AR	yes
IL18BP	AR	yes
IL1RAPL1	XL	no
IL1RN	AR	yes
IL21	AR	yes
IL21R	AR	yes
IL2RA	AR	yes
IL2RB	AR	yes
IL2RG	XL	yes
IL36RN	AR	no
IL37	AR	yes
IL6R	AR	yes
IL6ST	AR	yes
IL7	AR	yes
IL7R	AR	yes
ILDR1	AR	yes
IMPA1	AR	no
IMPG1	AR	no
IMPG2	AR	no
INPP5E	AR	no
INPP5K	AR	no
INPPL1	AR	yes
INSR	AR	yes
INTS1	AR	no
INTS11	AR	no
INTU	AR	yes
INVS	AR	no
IPO8	AR	yes
IQCB1	AR	no
IQCE	AR	no
IQCN	AR	no
IQSEC1	AR	no
IQSEC2	XL	no
IRAK4	AR	yes
IREB2	AR	no
IRF1	AR	yes
IRF4	AR	yes
IRF7	AR	yes
IRF9	AR	yes
IRS4	XL	yes
IRX5	AR	no
ISCA1	AR	no
ISCA2	AR	no
ISCU	AR	yes
ISG15	AR	yes
ITCH	AR	yes
ITGA2B	AR	yes
ITGA3	AR	no
ITGA6	AR	no
ITGA7	AR	no
ITGA8	AR	no
ITGB2	AR	yes
ITGB3	AR	yes
ITGB4	AR	no
ITGB6	AR	no
ITK	AR	yes
ITPA	AR	yes
ITPR1	AR	no
ITPR2	AR	yes
IVD	AR	yes
IYD	AR	yes
JAG2	AR	yes
JAGN1	AR	yes
JAK3	AR	yes
JAM2	AR	no
JAM3	AR	no
JPH1	AR	no
JPH2	AR	yes
JUP	AR	no
KANK2	AR	no
KARS1	AR	yes
KASH5	AR	no
KATNB1	AR	no
KATNIP	AR	yes
KCNA4	AR	no
KCNE1	AR	yes
KCNH1	AR	no
KCNJ1	AR	yes
KCNJ10	AR	yes
KCNJ11	AR	yes
KCNJ13	AR	no
KCNJ16	AR	yes
KCNJ3	AR	no
KCNMA1	AR	no
KCNQ1	AR	yes
KCNU1	AR	no
KCNV2	AR	no
KCTD7	AR	no
KDELR2	AR	no
KDM5A	AR	yes
KDM5B	AR	no
KDM5C	XL	no
KDM6A	XL	yes
KDSR	AR	no
KERA	AR	no
KHDC3L	AR	yes
KHK	AR	no
KIAA0586	AR	no
KIAA0753	AR	yes
KIAA0825	AR	no
KIAA1549	AR	no
KIDINS220	AR	no
KIF12	AR	yes
KIF14	AR	no
KIF15	AR	yes
KIF1A	AR	no
KIF1C	AR	no
KIF20A	AR	no
KIF26A	AR	no
KIF3B	AR	yes
KIF4A	XL	no
KIF7	AR	no
KIFBP	AR	no
KIRREL1	AR	yes
KISS1	AR	yes
KISS1R	AR	yes
KITLG	AR	yes
KIZ	AR	no
KL	AR	yes
KLC2	AR	no
KLF1	AR	yes
KLHL15	XL	no
KLHL24	AR	yes
KLHL3	AR	yes
KLHL40	AR	no
KLHL41	AR	no
KLHL7	AR	yes
KLK4	AR	no
KLKB1	AR	no
KNL1	AR	no
KPNA7	AR	no
KPTN	AR	no
KREMEN1	AR	no
KRT10	AR	no
KRT14	AR	no
KRT25	AR	no
KRT5	AR	no
KRT83	AR	no
KRT85	AR	no
KY	AR	no
KYNU	AR	yes
L1CAM	XL	no
L2HGDH	AR	yes
LACC1	AR	yes
LAGE3	XL	no
LAMA1	AR	no
LAMA2	AR	no
LAMA3	AR	no
LAMA5	AR	yes
LAMB1	AR	no
LAMB2	AR	no
LAMB3	AR	yes
LAMC2	AR	no
LAMC3	AR	no
LAMP2	XL	yes
LAMTOR2	AR	yes
LARGE1	AR	no
LARP7	AR	no
LARS1	AR	no
LARS2	AR	yes
LAS1L	XL	no
LAT	AR	yes
LBR	AR	no
LBX1	AR	yes
LCA5	AR	no
LCAT	AR	yes
LCK	AR	yes
LCP2	AR	yes
LCT	AR	yes
LDHA	AR	yes
LDHB	AR	no
LDHD	AR	no
LDLR	AR	yes
LDLRAP1	AR	yes
LEMD2	AR	yes
LEP	AR	yes
LEPR	AR	yes
LETM1	AR	yes
LFNG	AR	no
LGI3	AR	no
LGI4	AR	no
LHB	AR	yes
LHCGR	AR	yes
LHFPL5	AR	yes
LHX3	AR	yes
LIAS	AR	no
LIFR	AR	no
LIG1	AR	yes
LIG3	AR	no
LIG4	AR	yes
LIM2	AR	no
LINGO1	AR	no
LINS1	AR	no
LIPA	AR	yes
LIPC	AR	yes
LIPE	AR	yes
LIPH	AR	no
LIPN	AR	no
LIPT1	AR	no
LIPT2	AR	no
LMAN1	AR	yes
LMAN2L	AR	no
LMBR1	AR	no
LMBRD1	AR	yes
LMF1	AR	yes
LMNA	AR	yes
LMNB2	AR	no
LMOD1	AR	no
LMOD2	AR	yes
LMOD3	AR	no
LNPK	AR	no
LONP1	AR	no
LOXHD1	AR	no
LOXL3	AR	no
LPA	AR	no
LPAR6	AR	no
LPIN1	AR	yes
LPIN2	AR	yes
LPL	AR	yes
LRAT	AR	no
LRBA	AR	yes
LRIG2	AR	yes
LRIT3	AR	no
LRMDA	AR	no
LRP1	AR	no
LRP2	AR	yes
LRP4	AR	no
LRP5	AR	no
LRPAP1	AR	no
LRPPRC	AR	no
LRRC23	AR	no
LRRC32	AR	no
LRRC56	AR	yes
LRRK1	AR	no
LRSAM1	AR	no
LRTOMT	AR	yes
LSS	AR	no
LTBP1	AR	yes
LTBP2	AR	yes
LTBP3	AR	no
LTBP4	AR	no
LTC4S	AR	yes
LTV1	AR	no
LYRM4	AR	no
LYRM7	AR	no
LYST	AR	yes
LZTFL1	AR	yes
LZTR1	AR	yes
M1AP	AR	no
MAB21L1	AR	no
MAB21L2	AR	no
MAD1L1	AR	yes
MAD2L2	AR	yes
MADD	AR	yes
MAG	AR	no
MAGED2	XL	yes
MAGI2	AR	no
MAGT1	XL	yes
MAK	AR	no
MAL	AR	no
MALT1	AR	yes
MAMLD1	XL	no
MAN1B1	AR	no
MAN2B1	AR	yes
MAN2C1	AR	no
MANBA	AR	no
MANF	AR	yes
MAOA	XL	no
MAP3K14	AR	yes
MAP3K20	AR	no
MAPKAPK5	AR	yes
MAPKBP1	AR	no
MAPT	AR	no
MARK3	AR	no
MARS1	AR	yes
MARS2	AR	no
MARVELD2	AR	yes
MASP1	AR	yes
MASP2	AR	yes
MAT1A	AR	yes
MATN3	AR	no
MBD4	AR	yes
MBOAT7	AR	no
MBTPS1	AR	no
MBTPS2	XL	no
MC2R	AR	yes
MCAT	AR	no
MCCC1	AR	yes
MCCC2	AR	yes
MCEE	AR	no
MCFD2	AR	yes
MCIDAS	AR	yes
MCM10	AR	yes
MCM3AP	AR	no
MCM4	AR	yes
MCM5	AR	no
MCM8	AR	yes
MCM9	AR	yes
MCOLN1	AR	no
MCPH1	AR	no
MCTS1	XL	yes
MDFIC	AR	no
MDH1	AR	no
MDH2	AR	no
MDM2	AR	yes
MECP2	XL	yes
MECR	AR	no
MED11	AR	no
MED12	XL	yes
MED13L	AR	yes
MED17	AR	no
MED23	AR	no
MED25	AR	yes
MED27	AR	no
MEFV	AR	yes
MEGF10	AR	no
MEGF8	AR	yes
MEI1	AR	yes
MEIOB	AR	yes
MEOX1	AR	no
MERTK	AR	no
MESD	AR	no
MESP2	AR	no
MET	AR	yes
METTL23	AR	no
METTL5	AR	no
MFF	AR	no
MFN2	AR	no
MFRP	AR	no
MFSD2A	AR	no
MFSD8	AR	yes
MGAT2	AR	yes
MGME1	AR	yes
MGP	AR	yes
MIA3	AR	yes
MICOS13	AR	no
MICU1	AR	no
MID1	XL	yes
MID2	XL	no
MIEF2	AR	yes
MINAR2	AR	yes
MINPP1	AR	no
MIPEP	AR	yes
MKKS	AR	yes
MKS1	AR	yes
MLC1	AR	no
MLH1	AR	yes
MLIP	AR	yes
MLPH	AR	no
MLYCD	AR	yes
MMAA	AR	yes
MMAB	AR	yes
MMACHC	AR	yes
MMADHC	AR	yes
MME	AR	no
MMP13	AR	no
MMP14	AR	no
MMP2	AR	no
MMP20	AR	no
MMP21	AR	yes
MMP9	AR	no
MMUT	AR	yes
MNS1	AR	yes
MOCOS	AR	yes
MOCS1	AR	yes
MOCS2	AR	no
MOGS	AR	yes
MOS	AR	no
MOV10L1	AR	no
MPC1	AR	no
MPDU1	AR	yes
MPDZ	AR	no
MPI	AR	yes
MPIG6B	AR	yes
MPL	AR	yes
MPLKIP	AR	no
MPO	AR	yes
MPV17	AR	yes
MPZL2	AR	yes
MRAP	AR	yes
MRM2	AR	no
MRPL12	AR	no
MRPL3	AR	no
MRPL39	AR	yes
MRPL44	AR	yes
MRPS14	AR	yes
MRPS16	AR	no
MRPS2	AR	no
MRPS22	AR	no
MRPS23	AR	no
MRPS25	AR	yes
MRPS28	AR	no
MRPS34	AR	no
MRPS7	AR	yes
MRTFA	AR	yes
MS4A1	AR	yes
MSH2	AR	yes
MSH4	AR	no
MSH5	AR	yes
MSH6	AR	yes
MSL3	XL	no
MSMO1	AR	yes
MSN	XL	yes
MSRB3	AR	yes
MSTN	AR	no
MSTO1	AR	no
MTFMT	AR	yes
MTHFD1	AR	yes
MTHFR	AR	yes
MTHFS	AR	yes
MTM1	XL	yes
MTMR2	AR	no
MTO1	AR	yes
MTPAP	AR	no
MTR	AR	yes
MTRR	AR	yes
MTTP	AR	yes
MTX2	AR	yes
MUSK	AR	yes
MUTYH	AR	no
MVK	AR	yes
MYBPC1	AR	no
MYBPC3	AR	yes
MYD88	AR	yes
MYF5	AR	no
MYH11	AR	yes
MYH2	AR	no
MYH7	AR	yes
MYL1	AR	no
MYL3	AR	yes
MYL9	AR	yes
MYLK	AR	yes
MYLPF	AR	no
MYMK	AR	no
MYMX	AR	no
MYO15A	AR	yes
MYO18B	AR	no
MYO1E	AR	yes
MYO1H	AR	yes
MYO3A	AR	yes
MYO5A	AR	no
MYO5B	AR	yes
MYO6	AR	yes
MYO7A	AR	yes
MYO9A	AR	yes
MYOC	AR	yes
MYOD1	AR	no
MYORG	AR	no
MYSM1	AR	yes
MYZAP	AR	yes
NAA10	XL	yes
NAA20	AR	yes
NAA60	AR	no
NAA80	AR	yes
NADK2	AR	no
NADSYN1	AR	yes
NAE1	AR	no
NAGA	AR	no
NAGLU	AR	no
NAGS	AR	yes
NALCN	AR	no
NANS	AR	no
NAPB	AR	no
NARS1	AR	no
NARS2	AR	yes
NAT8L	AR	no
NAXD	AR	yes
NAXE	AR	no
NBAS	AR	no
NBEAL2	AR	yes
NBN	AR	yes
NCAPD2	AR	no
NCAPD3	AR	no
NCAPG2	AR	yes
NCAPH	AR	no
NCF1	AR	yes
NCF2	AR	yes
NCF4	AR	yes
NCKAP1L	AR	yes
NDE1	AR	no
NDP	XL	no
NDRG1	AR	no
NDST1	AR	no
NDUFA1	XL	no
NDUFA10	AR	no
NDUFA11	AR	no
NDUFA12	AR	no
NDUFA2	AR	no
NDUFA4	AR	no
NDUFA6	AR	no
NDUFA8	AR	no
NDUFA9	AR	no
NDUFAF1	AR	no
NDUFAF2	AR	no
NDUFAF3	AR	no
NDUFAF4	AR	no
NDUFAF5	AR	no
NDUFAF6	AR	yes
NDUFAF8	AR	no
NDUFB10	AR	no
NDUFB11	XL	yes
NDUFB3	AR	no
NDUFB8	AR	no
NDUFB9	AR	no
NDUFC2	AR	no
NDUFS1	AR	no
NDUFS2	AR	no
NDUFS3	AR	no
NDUFS4	AR	no
NDUFS6	AR	no
NDUFS7	AR	no
NDUFS8	AR	no
NDUFV1	AR	no
NDUFV2	AR	no
NEB	AR	no
NECAP1	AR	no
NECTIN1	AR	no
NECTIN4	AR	no
NEFL	AR	no
NEK1	AR	no
NEK10	AR	yes
NEK2	AR	no
NEK8	AR	yes
NEK9	AR	no
NEMF	AR	no
NEPRO	AR	no
NEU1	AR	no
NEUROG1	AR	yes
NEUROG3	AR	yes
NEXMIF	XL	no
NFASC	AR	no
NFATC2	AR	yes
NFS1	AR	yes
NFU1	AR	no
NGF	AR	no
NGLY1	AR	yes
NHEJ1	AR	yes
NHLH2	AR	yes
NHLRC1	AR	no
NHLRC2	AR	no
NHP2	AR	yes
NHS	XL	no
NIN	AR	no
NIPAL4	AR	no
NKAP	XL	yes
NKX2-6	AR	yes
NKX3-2	AR	no
NKX6-2	AR	no
NLGN1	AR	no
NLGN3	XL	no
NLGN4X	XL	no
NLRP1	AR	yes
NLRP2	AR	yes
NLRP5	AR	no
NLRP7	AR	yes
NME5	AR	yes
NME8	AR	yes
NMNAT1	AR	yes
NNT	AR	yes
NOD2	AR	yes
NONO	XL	no
NOP10	AR	yes
NOS1AP	AR	no
NPC1	AR	no
NPC1L1	AR	yes
NPC2	AR	no
NPHP1	AR	no
NPHP3	AR	no
NPHP4	AR	no
NPHS1	AR	no
NPHS2	AR	no
NPPA	AR	no
NPR2	AR	no
NR0B1	XL	yes
NR1H4	AR	yes
NR2E3	AR	no
NR3C1	AR	yes
NR5A1	AR	yes
NRCAM	AR	no
NRL	AR	no
NRROS	AR	no
NRXN1	AR	no
NSDHL	XL	no
NSMCE2	AR	yes
NSMCE3	AR	yes
NSRP1	AR	no
NSUN2	AR	no
NSUN3	AR	no
NSUN6	AR	no
NT5C2	AR	no
NT5C3A	AR	yes
NT5E	AR	no
NTHL1	AR	no
NTNG2	AR	no
NTRK1	AR	yes
NUAK2	AR	no
NUBPL	AR	no
NUDT2	AR	no
NUP107	AR	no
NUP133	AR	no
NUP155	AR	yes
NUP160	AR	no
NUP188	AR	yes
NUP205	AR	no
NUP210L	AR	no
NUP214	AR	no
NUP37	AR	no
NUP54	AR	no
NUP62	AR	no
NUP85	AR	no
NUP88	AR	no
NUP93	AR	no
NUS1	AR	no
NXF5	XL	yes
NXN	AR	yes
NYX	XL	no
OAT	AR	yes
OBSCN	AR	yes
OBSL1	AR	no
OCA2	AR	no
OCLN	AR	no
OCRL	XL	yes
ODAD1	AR	yes
ODAD2	AR	yes
ODAD3	AR	yes
ODAD4	AR	yes
ODAPH	AR	no
OFD1	XL	no
OGDH	AR	no
OGDHL	AR	yes
OGT	XL	no
OPA3	AR	no
OPHN1	XL	no
OPLAH	AR	no
OPN1LW	XL	no
OPN1MW	XL	no
ORAI1	AR	yes
ORC1	AR	no
ORC4	AR	no
ORC6	AR	no
OSGEP	AR	no
OSTM1	AR	no
OTC	XL	yes
OTOA	AR	yes
OTOF	AR	yes
OTOG	AR	yes
OTOGL	AR	yes
OTUD5	XL	yes
OTUD6B	AR	no
OTUD7A	AR	no
OTULIN	AR	yes
OXCT1	AR	yes
OXR1	AR	no
P2RY12	AR	yes
P3H1	AR	no
P3H2	AR	no
P4HTM	AR	yes
PABPC1L	AR	no
PABPN1	AR	no
PADI3	AR	no
PADI6	AR	no
PAH	AR	yes
PAICS	AR	no
PAK3	XL	no
PALB2	AR	yes
PAM16	AR	no
PANK2	AR	no
PAPPA2	AR	yes
PAPSS2	AR	no
PARK7	AR	no
PARN	AR	yes
PARS2	AR	no
PATL2	AR	no
PAX1	AR	yes
PAX3	AR	yes
PAX7	AR	no
PC	AR	yes
PCARE	AR	no
PCBD1	AR	yes
PCCA	AR	yes
PCCB	AR	yes
PCDH12	AR	no
PCDH15	AR	yes
PCDH19	XL	no
PCDHGC4	AR	no
PCIF1	AR	yes
PCK1	AR	yes
PCLO	AR	no
PCNA	AR	yes
PCNT	AR	no
PCYT1A	AR	yes
PCYT2	AR	no
PDCD1	AR	yes
PDCD6IP	AR	no
PDE10A	AR	yes
PDE2A	AR	yes
PDE6A	AR	no
PDE6B	AR	no
PDE6C	AR	no
PDE6D	AR	no
PDE6G	AR	no
PDE6H	AR	no
PDHA1	XL	yes
PDHA2	AR	no
PDHB	AR	no
PDHX	AR	yes
PDK3	XL	no
PDP1	AR	no
PDSS1	AR	yes
PDSS2	AR	yes
PDX1	AR	yes
PDXK	AR	no
PDZD7	AR	yes
PDZD8	AR	no
PEPD	AR	yes
PERCC1	AR	yes
PERP	AR	no
PET100	AR	no
PET117	AR	no
PEX1	AR	yes
PEX10	AR	no
PEX11B	AR	no
PEX12	AR	no
PEX13	AR	no
PEX14	AR	no
PEX16	AR	no
PEX19	AR	no
PEX2	AR	no
PEX26	AR	no
PEX3	AR	no
PEX5	AR	no
PEX6	AR	yes
PEX7	AR	yes
PFKM	AR	yes
PGAM2	AR	yes
PGAP1	AR	no
PGAP2	AR	no
PGAP3	AR	no
PGK1	XL	yes
PGM1	AR	yes
PGM2L1	AR	no
PGM3	AR	yes
PHC1	AR	no
PHEX	XL	yes
PHF6	XL	no
PHF8	XL	no
PHGDH	AR	yes
PHKA1	XL	yes
PHKA2	XL	yes
PHKB	AR	yes
PHKG2	AR	yes
PHLDB1	AR	no
PHOX2A	AR	no
PHYH	AR	yes
PHYKPL	AR	no
PI4K2A	AR	no
PI4KA	AR	no
PIBF1	AR	no
PIEZO2	AR	no
PIGA	XL	yes
PIGB	AR	no
PIGC	AR	no
PIGF	AR	no
PIGG	AR	yes
PIGH	AR	no
PIGK	AR	no
PIGL	AR	yes
PIGM	AR	yes
PIGN	AR	yes
PIGO	AR	yes
PIGP	AR	no
PIGQ	AR	no
PIGS	AR	yes
PIGT	AR	no
PIGU	AR	no
PIGV	AR	no
PIGW	AR	no
PIGY	AR	no
PIK3C2A	AR	yes
PIK3CD	AR	yes
PIK3CG	AR	yes
PIK3R1	AR	yes
PIK3R5	AR	no
PINK1	AR	no
PIP5K1C	AR	no
PISD	AR	no
PITRM1	AR	no
PJVK	AR	yes
PKD1L1	AR	yes
PKDCC	AR	no
PKHD1	AR	yes
PKHD1L1	AR	yes
PKLR	AR	yes
PKP1	AR	no
PLA2G4A	AR	yes
PLA2G5	AR	no
PLA2G6	AR	no
PLA2G7	AR	no
PLAA	AR	no
PLAAT3	AR	yes
PLCB1	AR	yes
PLCB3	AR	yes
PLCD1	AR	no
PLCE1	AR	no
PLCH1	AR	no
PLCZ1	AR	no
PLD1	AR	yes
PLEC	AR	no
PLEKHG2	AR	no
PLEKHG5	AR	no
PLEKHM1	AR	no
PLG	AR	yes
PLK4	AR	no
PLN	AR	yes
PLOD1	AR	yes
PLOD2	AR	no
PLOD3	AR	yes
PLP1	XL	no
PLPBP	AR	yes
PLS3	XL	yes
PLVAP	AR	yes
PLXNA1	AR	no
PLXND1	AR	yes
PMFBP1	AR	no
PMM2	AR	yes
PMP22	AR	no
PMPCA	AR	no
PMPCB	AR	no
PMS2	AR	yes
PNKP	AR	no
PNLDC1	AR	no
PNLIP	AR	yes
PNP	AR	yes
PNPLA1	AR	no
PNPLA2	AR	no
PNPLA6	AR	yes
PNPLA8	AR	no
PNPO	AR	yes
PNPT1	AR	yes
POC1A	AR	no
POC1B	AR	no
POF1B	XL	yes
POGLUT1	AR	no
POLA1	XL	yes
POLD3	AR	yes
POLE	AR	yes
POLG	AR	no
POLG2	AR	no
POLH	AR	yes
POLR1A	AR	no
POLR1C	AR	yes
POLR1D	AR	yes
POLR3A	AR	no
POLR3B	AR	no
POLR3GL	AR	yes
POLR3K	AR	no
POLRMT	AR	yes
POMC	AR	yes
POMGNT1	AR	no
POMGNT2	AR	no
POMK	AR	no
POMT1	AR	yes
POMT2	AR	yes
PON1	AR	yes
POP1	AR	no
POPDC3	AR	no
POR	AR	yes
PORCN	XL	no
POT1	AR	yes
POU1F1	AR	yes
POU3F4	XL	yes
PPA2	AR	yes
PPARG	AR	no
PPCS	AR	yes
PPFIBP1	AR	no
PPIB	AR	no
PPIP5K2	AR	yes
PPM1K	AR	yes
PPOX	AR	yes
PPP1R13L	AR	yes
PPP1R15B	AR	yes
PPP1R21	AR	no
PPP2R3C	AR	no
PPT1	AR	no
PQBP1	XL	yes
PRCD	AR	no
PRDM12	AR	no
PRDM13	AR	yes
PRDM5	AR	yes
PRDM8	AR	no
PRDX1	AR	yes
PRDX3	AR	no
PREPL	AR	yes
PRF1	AR	yes
PRG4	AR	yes
PRICKLE1	AR	no
PRIM1	AR	yes
PRKACG	AR	yes
PRKCD	AR	yes
PRKCG	AR	no
PRKDC	AR	yes
PRKG2	AR	no
PRKN	AR	yes
PRKRA	AR	no
PRMT7	AR	no
PRNP	AR	no
PROC	AR	yes
PRODH	AR	no
PROK2	AR	yes
PROKR2	AR	yes
PROM1	AR	no
PROP1	AR	yes
PRORP	AR	yes
PROS1	AR	yes
PRPS1	XL	yes
PRRX1	AR	no
PRSS12	AR	no
PRSS56	AR	no
PRUNE1	AR	no
PRX	AR	no
PSAT1	AR	yes
PSKH1	AR	yes
PSMB1	AR	no
PSMB10	AR	yes
PSMB4	AR	yes
PSMB8	AR	yes
PSMC1	AR	no
PSMC3	AR	no
PSMC3IP	AR	yes
PSMG2	AR	yes
PSPH	AR	yes
PTCD3	AR	no
PTCHD1	XL	no
PTCRA	AR	yes
PTF1A	AR	yes
PTH	AR	yes
PTH1R	AR	no
PTPA	AR	yes
PTPN14	AR	no
PTPN23	AR	no
PTPRC	AR	yes
PTPRF	AR	no
PTPRJ	AR	yes
PTPRO	AR	no
PTPRQ	AR	yes
PTRH2	AR	yes
PTRHD1	AR	yes
PTS	AR	yes
PUS1	AR	yes
PUS3	AR	no
PUS7	AR	no
PXDN	AR	yes
PYCR1	AR	no
PYCR2	AR	no
PYGL	AR	yes
PYGM	AR	yes
PYROXD1	AR	yes
QARS1	AR	no
QDPR	AR	yes
QRICH2	AR	no
QRSL1	AR	no
RAB18	AR	no
RAB23	AR	no
RAB27A	AR	yes
RAB28	AR	no
RAB33B	AR	no
RAB34	AR	yes
RAB39B	XL	yes
RAB3GAP1	AR	yes
RAB3GAP2	AR	yes
RAB5IF	AR	no
RAC2	AR	yes
RACGAP1	AR	yes
RAD21	AR	yes
RAD50	AR	yes
RAD51C	AR	yes
RAG1	AR	yes
RAG2	AR	yes
RALGAPA1	AR	yes
RAP1GDS1	AR	no
RAPSN	AR	yes
RARB	AR	no
RARS2	AR	no
RASGRP1	AR	yes
RASGRP2	AR	yes
RAX	AR	yes
RAX2	AR	no
RBBP7	XL	no
RBBP8	AR	no
RBCK1	AR	yes
RBL2	AR	no
RBM10	XL	yes
RBM28	AR	yes
RBM8A	AR	yes
RBMX	XL	no
RBP3	AR	no
RBP4	AR	no
RBSN	AR	yes
RC3H1	AR	yes
RCBTB1	AR	no
RD3	AR	no
RDH11	AR	no
RDH12	AR	no
RDH5	AR	no
RDX	AR	yes
REC114	AR	no
RECQL4	AR	yes
REEP1	AR	no
REEP2	AR	no
REEP6	AR	no
REL	AR	yes
RELB	AR	yes
RELN	AR	no
RELT	AR	no
REPS1	AR	no
RET	AR	yes
RETREG1	AR	no
RFC1	AR	no
RFC4	AR	yes
RFT1	AR	yes
RFWD3	AR	yes
RFX5	AR	yes
RFX6	AR	yes
RFXANK	AR	yes
RFXAP	AR	yes
RGR	AR	no
RGS9	AR	no
RGS9BP	AR	no
RHAG	AR	yes
RHO	AR	no
RHOBTB2	AR	no
RHOH	AR	yes
RIC1	AR	no
RIMS2	AR	yes
RIN2	AR	no
RINT1	AR	no
RIPK1	AR	yes
RIPK4	AR	no
RIPOR2	AR	yes
RIPPLY2	AR	no
RLBP1	AR	no
RLIM	XL	no
RMND1	AR	no
RMRP	AR	yes
RNASEH1	AR	no
RNASEH2A	AR	no
RNASEH2B	AR	no
RNASEH2C	AR	no
RNASET2	AR	yes
RNF113A	XL	yes
RNF168	AR	yes
RNF170	AR	no
RNF212	AR	no
RNF213	AR	no
RNF216	AR	yes
RNF220	AR	yes
RNF31	AR	yes
RNH1	AR	no
RNPC3	AR	yes
RNU12	AR	yes
RNU4ATAC	AR	yes
ROBO1	AR	yes
ROBO3	AR	no
ROGDI	AR	no
ROR1	AR	yes
ROR2	AR	yes
RORC	AR	yes
RP1	AR	no
RP1L1	AR	no
RP2	XL	no
RPE65	AR	yes
RPGR	XL	yes
RPGRIP1	AR	no
RPGRIP1L	AR	no
RPIA	AR	no
RPL10	XL	no
RPL10L	AR	no
RPL3L	AR	yes
RPS6KA3	XL	yes
RRM1	AR	no
RRM2B	AR	yes
RRP7A	AR	no
RS1	XL	no
RSPH1	AR	yes
RSPH3	AR	yes
RSPH4A	AR	yes
RSPH9	AR	yes
RSPO1	AR	no
RSPO2	AR	yes
RSPO4	AR	no
RSPRY1	AR	no
RSRC1	AR	no
RTEL1	AR	yes
RTN2	AR	no
RTN4IP1	AR	no
RTTN	AR	no
RUBCN	AR	no
RUSC2	AR	no
RXYLT1	AR	no
RYR1	AR	yes
RYR3	AR	no
S1PR2	AR	yes
SACS	AR	no
SAG	AR	no
SALL2	AR	no
SAMD7	AR	no
SAMD9	AR	yes
SAMHD1	AR	yes
SAR1B	AR	yes
SARS1	AR	no
SARS2	AR	no
SASH1	AR	no
SASH3	XL	yes
SASS6	AR	no
SBDS	AR	yes
SBF1	AR	no
SBF2	AR	yes
SC5D	AR	no
SCAPER	AR	no
SCARB2	AR	no
SCARF2	AR	no
SCN4A	AR	yes
SCN5A	AR	yes
SCN9A	AR	yes
SCNM1	AR	no
SCNN1A	AR	yes
SCNN1B	AR	yes
SCNN1G	AR	yes
SCO1	AR	no
SCO2	AR	no
SCP2	AR	no
SCUBE3	AR	yes
SCYL1	AR	yes
SCYL2	AR	no
SDCCAG8	AR	yes
SDHA	AR	yes
SDHAF1	AR	yes
SDHB	AR	yes
SDHD	AR	yes
SDR9C7	AR	no
SEC23A	AR	no
SEC23B	AR	yes
SEC24D	AR	no
SEC31A	AR	no
SECISBP2	AR	no
SEL1L	AR	yes
SELENBP1	AR	no
SELENOI	AR	no
SELENON	AR	no
SEMA4A	AR	no
SEMA7A	AR	yes
SEPSECS	AR	no
SERAC1	AR	no
SERPINA1	AR	yes
SERPINA6	AR	no
SERPINA7	XL	no
SERPINB6	AR	no
SERPINB7	AR	no
SERPINB8	AR	no
SERPINC1	AR	yes
SERPINE1	AR	yes
SERPINF1	AR	no
SERPINF2	AR	yes
SERPING1	AR	yes
SERPINH1	AR	no
SETX	AR	no
SFRP4	AR	no
SFTPA1	AR	no
SFTPB	AR	yes
SFXN4	AR	no
SGCA	AR	yes
SGCB	AR	yes
SGCD	AR	yes
SGCG	AR	no
SGPL1	AR	yes
SGSH	AR	no
SH2D1A	XL	yes
SH3KBP1	XL	yes
SH3PXD2B	AR	yes
SH3TC2	AR	no
SHARPIN	AR	yes
SHMT2	AR	yes
SHOC1	AR	no
SHOX	AR;XL	no
SHPK	AR	no
SHQ1	AR	yes
SHROOM4	XL	no
SI	AR	yes
SIGMAR1	AR	no
SIK3	AR	yes
SIL1	AR	no
SIPA1L3	AR	no
SKIV2L	AR	yes
SLC10A7	AR	no
SLC11A2	AR	yes
SLC12A1	AR	yes
SLC12A2	AR	yes
SLC12A3	AR	yes
SLC12A5	AR	no
SLC12A6	AR	no
SLC13A3	AR	no
SLC13A5	AR	no
SLC16A1	AR	yes
SLC16A2	XL	yes
SLC17A5	AR	no
SLC18A2	AR	yes
SLC18A3	AR	yes
SLC19A1	AR	yes
SLC19A2	AR	yes
SLC19A3	AR	yes
SLC1A1	AR	no
SLC1A4	AR	no
SLC22A12	AR	yes
SLC22A5	AR	yes
SLC24A1	AR	no
SLC24A4	AR	no
SLC24A5	AR	no
SLC25A1	AR	yes
SLC25A10	AR	no
SLC25A12	AR	no
SLC25A13	AR	yes
SLC25A15	AR	yes
SLC25A19	AR	no
SLC25A20	AR	yes
SLC25A21	AR	no
SLC25A22	AR	no
SLC25A26	AR	no
SLC25A3	AR	no
SLC25A32	AR	yes
SLC25A36	AR	yes
SLC25A38	AR	yes
SLC25A4	AR	yes
SLC25A42	AR	no
SLC25A46	AR	no
SLC26A1	AR	yes
SLC26A2	AR	no
SLC26A3	AR	yes
SLC26A4	AR	yes
SLC26A5	AR	yes
SLC27A4	AR	no
SLC28A1	AR	no
SLC29A3	AR	yes
SLC2A1	AR	yes
SLC2A10	AR	yes
SLC2A2	AR	yes
SLC2A9	AR	yes
SLC30A10	AR	yes
SLC30A7	AR	yes
SLC30A9	AR	yes
SLC31A1	AR	yes
SLC33A1	AR	yes
SLC34A1	AR	yes
SLC34A2	AR	yes
SLC34A3	AR	yes
SLC35A1	AR	yes
SLC35A2	XL	yes
SLC35A3	AR	no
SLC35B2	AR	no
SLC35C1	AR	yes
SLC35D1	AR	no
SLC36A2	AR	no
SLC37A4	AR	yes
SLC38A3	AR	no
SLC38A8	AR	no
SLC39A13	AR	no
SLC39A14	AR	yes
SLC39A4	AR	yes
SLC39A7	AR	yes
SLC39A8	AR	yes
SLC3A1	AR	yes
SLC41A1	AR	yes
SLC44A1	AR	no
SLC45A1	AR	no
SLC45A2	AR	no
SLC46A1	AR	yes
SLC4A1	AR	yes
SLC4A10	AR	no
SLC4A2	AR	no
SLC4A4	AR	yes
SLC51A	AR	yes
SLC51B	AR	yes
SLC52A2	AR	yes
SLC52A3	AR	yes
SLC5A1	AR	yes
SLC5A2	AR	no
SLC5A5	AR	yes
SLC5A6	AR	yes
SLC5A7	AR	yes
SLC6A17	AR	no
SLC6A19	AR	yes
SLC6A3	AR	no
SLC6A5	AR	yes
SLC6A6	AR	yes
SLC6A8	XL	yes
SLC6A9	AR	no
SLC7A14	AR	no
SLC7A6OS	AR	no
SLC7A7	AR	yes
SLC7A9	AR	yes
SLC9A1	AR	no
SLC9A3	AR	yes
SLC9A6	XL	no
SLC9A7	XL	no
SLCO2A1	AR	yes
SLF2	AR	yes
SLFN14	AR	yes
SLITRK2	XL	no
SLITRK6	AR	yes
SLURP1	AR	no
SLX4	AR	yes
SMARCAL1	AR	yes
SMARCD2	AR	yes
SMC1A	XL	yes
SMC5	AR	yes
SMG8	AR	yes
SMG9	AR	yes
SMN1	AR	no
SMO	AR	yes
SMOC1	AR	no
SMOC2	AR	no
SMPD1	AR	no
SMPD4	AR	yes
SMPX	XL	yes
SMS	XL	no
SNAI2	AR	yes
SNAP29	AR	no
SNAPC4	AR	no
SNF8	AR	no
SNIP1	AR	no
SNORD118	AR	no
SNUPN	AR	no
SNX10	AR	yes
SNX14	AR	no
SOBP	AR	no
SOD1	AR	no
SOHLH1	AR	yes
SORD	AR	no
SOST	AR	yes
SOX18	AR	no
SOX3	XL	yes
SP110	AR	yes
SP7	AR	no
SPACA1	AR	no
SPAG1	AR	yes
SPAG17	AR	no
SPARC	AR	no
SPART	AR	no
SPATA16	AR	no
SPATA22	AR	yes
SPATA5	AR	yes
SPATA5L1	AR	yes
SPATA7	AR	no
SPEF2	AR	no
SPEG	AR	yes
SPG11	AR	no
SPG21	AR	no
SPG7	AR	no
SPIDR	AR	no
SPIN4	XL	no
SPINK1	AR	yes
SPINK2	AR	no
SPINK5	AR	yes
SPNS2	AR	yes
SPPL2A	AR	yes
SPR	AR	yes
SPRED2	AR	yes
SPTA1	AR	yes
SPTB	AR	yes
SPTBN2	AR	no
SPTBN4	AR	yes
SPTSSA	AR	yes
SPZ1	AR	yes
SQOR	AR	yes
SRD5A2	AR	yes
SRD5A3	AR	yes
SRP68	AR	yes
SRPK3	XL	no
SRPX2	XL	no
SSR4	XL	no
SSX1	XL	no
ST14	AR	no
ST3GAL3	AR	no
ST3GAL5	AR	no
STAC3	AR	yes
STAG2	XL	yes
STAG3	AR	yes
STAMBP	AR	no
STAR	AR	yes
STAT1	AR	yes
STAT2	AR	yes
STAT5B	AR	yes
STEEP1	XL	no
STIL	AR	no
STIM1	AR	yes
STK33	AR	no
STK36	AR	yes
STK4	AR	yes
STN1	AR	yes
STRA6	AR	yes
STRADA	AR	yes
STRC	AR	yes
STS	XL	yes
STT3A	AR	no
STT3B	AR	no
STUB1	AR	no
STX11	AR	yes
STX4	AR	yes
STX5	AR	no
STXBP2	AR	yes
SUCLA2	AR	yes
SUCLG1	AR	no
SUGCT	AR	no
SULT2B1	AR	no
SUMF1	AR	no
SUN5	AR	no
SUOX	AR	yes
SURF1	AR	no
SV2A	AR	no
SVBP	AR	no
SVIL	AR	yes
SYCE1	AR	yes
SYCP2L	AR	yes
SYN1	XL	no
SYNE4	AR	yes
SYNJ1	AR	yes
SYP	XL	no
SYT14	AR	no
SYT2	AR	yes
SZT2	AR	no
TAC3	AR	yes
TACO1	AR	no
TACR3	AR	yes
TACSTD2	AR	no
TAF1	XL	yes
TAF13	AR	no
TAF2	AR	no
TAF4B	AR	no
TAF6	AR	no
TAF8	AR	no
TAFAZZIN	XL	yes
TALDO1	AR	yes
TAMM41	AR	no
TANGO2	AR	yes
TAP1	AR	yes
TAP2	AR	yes
TAPBP	AR	yes
TARS1	AR	yes
TARS2	AR	no
TASP1	AR	yes
TAT	AR	yes
TBC1D20	AR	no
TBC1D23	AR	no
TBC1D24	AR	yes
TBC1D2B	AR	no
TBC1D4	AR	no
TBC1D7	AR	no
TBC1D8B	XL	no
TBCD	AR	no
TBCE	AR	yes
TBCK	AR	no
TBK1	AR	yes
TBL1X	XL	yes
TBP	AR	no
TBX15	AR	no
TBX19	AR	yes
TBX21	AR	yes
TBX22	XL	yes
TBX6	AR	no
TBXAS1	AR	yes
TCAP	AR	yes
TCEAL1	XL	yes
TCF3	AR	yes
TCHH	AR	no
TCIRG1	AR	yes
TCN2	AR	yes
TCTN1	AR	no
TCTN2	AR	no
TCTN3	AR	yes
TDP1	AR	no
TDP2	AR	no
TDRD7	AR	yes
TDRD9	AR	no
TECPR2	AR	no
TECR	AR	no
TECRL	AR	yes
TECTA	AR	yes
TEFM	AR	no
TEKT3	AR	no
TELO2	AR	yes
TENM1	AR	no
TENM3	AR	no
TENT5A	AR	no
TERB1	AR	no
TERB2	AR	no
TERT	AR	yes
TET2	AR	yes
TET3	AR	no
TEX11	XL	no
TEX14	AR	no
TEX15	AR	no
TF	AR	yes
TFAM	AR	no
TFE3	XL	no
TFG	AR	no
TFR2	AR	yes
TFRC	AR	yes
TG	AR	yes
TGDS	AR	no
TGFB1	AR	yes
TGM1	AR	no
TGM3	AR	no
TGM5	AR	no
TH	AR	yes
THG1L	AR	no
THOC2	XL	no
THOC6	AR	yes
THPO	AR	yes
THRB	AR	yes
THSD1	AR	yes
THUMPD1	AR	no
TIAM1	AR	yes
TICAM1	AR	yes
TIMM22	AR	no
TIMM50	AR	yes
TIMM8A	XL	yes
TIMMDC1	AR	no
TJP2	AR	yes
TK2	AR	no
TKFC	AR	no
TKT	AR	yes
TLCD3B	AR	no
TLE6	AR	no
TLR3	AR	yes
TLR7	XL	yes
TLR8	XL	yes
TMC1	AR	yes
TMC6	AR	yes
TMC8	AR	yes
TMCO1	AR	yes
TMEM106B	AR	no
TMEM107	AR	no
TMEM126A	AR	no
TMEM126B	AR	yes
TMEM132E	AR	yes
TMEM138	AR	no
TMEM147	AR	no
TMEM165	AR	no
TMEM199	AR	yes
TMEM216	AR	no
TMEM218	AR	no
TMEM222	AR	no
TMEM231	AR	no
TMEM237	AR	no
TMEM251	AR	no
TMEM260	AR	yes
TMEM38B	AR	no
TMEM53	AR	no
TMEM63C	AR	no
TMEM67	AR	yes
TMEM70	AR	no
TMEM94	AR	yes
TMIE	AR	yes
TMPRSS15	AR	yes
TMPRSS3	AR	yes
TMPRSS6	AR	yes
TMTC3	AR	no
TMTC4	AR	no
TMX2	AR	no
TNFRSF11A	AR	yes
TNFRSF11B	AR	yes
TNFRSF13B	AR	yes
TNFRSF13C	AR	yes
TNFRSF4	AR	yes
TNFRSF9	AR	yes
TNFSF11	AR	yes
TNIK	AR	no
TNNI3	AR	yes
TNNT1	AR	no
TNXB	AR	yes
TOE1	AR	no
TOGARAM1	AR	no
TOMM7	AR	no
TONSL	AR	no
TOP3A	AR	yes
TOR1A	AR	no
TOR1AIP1	AR	yes
TOR1AIP2	AR	no
TP53RK	AR	no
TP73	AR	yes
TPI1	AR	yes
TPK1	AR	yes
TPM3	AR	no
TPMT	AR	yes
TPO	AR	yes
TPP1	AR	yes
TPP2	AR	yes
TPR	AR	no
TPRKB	AR	no
TPRN	AR	yes
TRAC	AR	yes
TRAF3IP1	AR	no
TRAF3IP2	AR	yes
TRAIP	AR	no
TRAK1	AR	no
TRAP1	AR	yes
TRAPPC11	AR	no
TRAPPC12	AR	no
TRAPPC14	AR	no
TRAPPC2	XL	no
TRAPPC2L	AR	no
TRAPPC4	AR	no
TRAPPC6B	AR	no
TRAPPC9	AR	no
TRDN	AR	yes
TREH	AR	no
TREM2	AR	no
TREX1	AR	yes
TRHR	AR	yes
TRIM2	AR	no
TRIM32	AR	yes
TRIM36	AR	no
TRIM37	AR	yes
TRIOBP	AR	yes
TRIP11	AR	no
TRIP13	AR	yes
TRIP4	AR	no
TRIT1	AR	no
TRMT1	AR	no
TRMT10A	AR	yes
TRMT10C	AR	no
TRMT5	AR	no
TRMU	AR	yes
TRNT1	AR	yes
TRPM1	AR	no
TRPM6	AR	yes
TRPV6	AR	yes
TRU-TCA1-1	AR	no
TSEN15	AR	no
TSEN2	AR	no
TSEN34	AR	no
TSEN54	AR	no
TSFM	AR	no
TSGA10	AR	no
TSHB	AR	yes
TSHR	AR	yes
TSPAN12	AR	no
TSPAN7	XL	no
TSPEAR	AR	yes
TSPOAP1	AR	yes
TSPYL1	AR	no
TSR2	XL	yes
TTC12	AR	yes
TTC19	AR	no
TTC21A	AR	no
TTC21B	AR	no
TTC26	AR	yes
TTC29	AR	no
TTC37	AR	yes
TTC5	AR	no
TTC7A	AR	no
TTC8	AR	yes
TTI1	AR	no
TTI2	AR	no
TTLL5	AR	no
TTN	AR	yes
TTPA	AR	yes
TUB	AR	no
TUBA8	AR	no
TUBB3	AR	no
TUBB8	AR	no
TUBGCP2	AR	no
TUBGCP4	AR	no
TUBGCP6	AR	no
TUFM	AR	no
TUFT1	AR	no
TULP1	AR	no
TULP3	AR	yes
TUSC3	AR	no
TWIST2	AR	no
TWNK	AR	yes
TXN2	AR	yes
TXNDC15	AR	no
TXNL4A	AR	yes
TXNRD2	AR	yes
TYK2	AR	yes
TYMP	AR	yes
TYR	AR	no
TYROBP	AR	no
TYRP1	AR	no
UBA1	XL	no
UBA5	AR	no
UBE2A	XL	no
UBE2T	AR	yes
UBE3B	AR	no
UBE3C	AR	no
UBE4A	AR	no
UBQLN2	XL	no
UBR1	AR	yes
UBR7	AR	yes
UFC1	AR	no
UFM1	AR	no
UGDH	AR	no
UGP2	AR	no
UGT1A1	AR	yes
UMPS	AR	yes
UNC13D	AR	yes
UNC45A	AR	yes
UNC80	AR	no
UNC93B1	AR	yes
UPB1	AR	no
UPF3B	XL	no
UQCC2	AR	no
UQCC3	AR	no
UQCRB	AR	no
UQCRC2	AR	no
UQCRFS1	AR	yes
UQCRH	AR	yes
UQCRQ	AR	no
UROC1	AR	no
UROD	AR	yes
UROS	AR	yes
USB1	AR	yes
USH1C	AR	yes
USH1G	AR	yes
USH2A	AR	yes
USP18	AR	no
USP26	XL	no
USP27X	XL	no
USP45	AR	no
USP53	AR	yes
USP9X	XL	no
UTP4	AR	yes
UVSSA	AR	no
VAC14	AR	no
VAMP1	AR	yes
VARS1	AR	no
VARS2	AR	no
VAX1	AR	no
VDR	AR	yes
VHL	AR	yes
VIPAS39	AR	no
VKORC1	AR	yes
VLDLR	AR	no
VMA21	XL	no
VPS11	AR	no
VPS13A	AR	no
VPS13B	AR	yes
VPS13C	AR	no
VPS13D	AR	no
VPS16	AR	yes
VPS33A	AR	no
VPS33B	AR	yes
VPS35L	AR	no
VPS37A	AR	no
VPS41	AR	no
VPS45	AR	yes
VPS50	AR	no
VPS51	AR	no
VPS53	AR	no
VRK1	AR	no
VSX2	AR	no
VWA1	AR	no
VWA3B	AR	no
WARS2	AR	yes
WAS	XL	yes
WASHC4	AR	no
WASHC5	AR	yes
WBP2	AR	yes
WBP4	AR	yes
WDPCP	AR	yes
WDR19	AR	no
WDR35	AR	no
WDR4	AR	yes
WDR45	XL	no
WDR45B	AR	no
WDR62	AR	no
WDR72	AR	no
WDR73	AR	no
WDR81	AR	no
WDR83OS	AR	yes
WEE2	AR	no
WFDC2	AR	yes
WFS1	AR	yes
WHRN	AR	yes
WIPF1	AR	yes
WIPI2	AR	no
WNK1	AR	yes
WNK3	XL	no
WNT1	AR	no
WNT10A	AR	no
WNT10B	AR	no
WNT2B	AR	yes
WNT3	AR	no
WNT4	AR	no
WNT7A	AR	no
WRAP53	AR	yes
WRN	AR	yes
WWOX	AR	no
XDH	AR	yes
XIAP	XL	yes
XIST	XL	no
XK	XL	yes
XPA	AR	yes
XPC	AR	yes
XPNPEP2	XL	yes
XPNPEP3	AR	no
XRCC1	AR	no
XRCC2	AR	yes
XRCC4	AR	yes
XYLT1	AR	no
XYLT2	AR	yes
YARS1	AR	no
YARS2	AR	yes
YIF1B	AR	no
YIPF5	AR	yes
YME1L1	AR	no
YY1AP1	AR	yes
ZAP70	AR	yes
ZBTB11	AR	no
ZBTB16	AR	no
ZBTB24	AR	yes
ZBTB42	AR	no
ZC3H14	AR	no
ZC4H2	XL	no
ZDHHC15	XL	no
ZDHHC9	XL	no
ZFP36L2	AR	no
ZFX	XL	yes
ZFYVE19	AR	yes
ZFYVE26	AR	no
ZIC3	XL	yes
ZMPSTE24	AR	no
ZMYM3	XL	no
ZMYND10	AR	yes
ZMYND15	AR	no
ZNF141	AR	no
ZNF142	AR	no
ZNF335	AR	no
ZNF341	AR	yes
ZNF407	AR	no
ZNF408	AR	no
ZNF41	XL	no
ZNF423	AR	no
ZNF469	AR	yes
ZNF513	AR	no
ZNF526	AR	no
ZNF592	AR	no
ZNF668	AR	no
ZNF674	XL	no
ZNF699	AR	yes
ZNF711	XL	no
ZNF808	AR	yes
ZNF81	XL	no
ZNFX1	AR	yes
ZNHIT3	AR	no
ZP1	AR	no
ZP2	AR	no
ZPBP	AR	no
ZPR1	AR	yes
ZRSR2	XL	yes
ZSCAN10	AR	yes
ZSWIM7	AR	yes
